{"Mosaics": {"_type": "images/separated", "width": 1280, "height": 1280, "format": "jpg", "count": 10, "filenames": ["media/images/Mosaics_0_640206ebad3250ee34ff.jpg", "media/images/Mosaics_0_8650f53f1348a7c9ab2b.jpg", "media/images/Mosaics_0_c385c508aa1e392b0aff.jpg", "media/images/Mosaics_0_8a5507c5d7c19e9ed9a3.jpg", "media/images/Mosaics_0_a8c68f24db435a7d48c0.jpg", "media/images/Mosaics_0_ba1cca1832eae754324d.jpg", "media/images/Mosaics_0_7b70f60afde4e3e990b8.jpg", "media/images/Mosaics_0_aa5960f3283394a1df01.jpg", "media/images/Mosaics_0_00d3cfba79db4cca54d7.jpg", "media/images/Mosaics_0_93c322992c6f533f8921.jpg"], "captions": ["train_batch0.jpg", "train_batch1.jpg", "train_batch2.jpg", "train_batch3.jpg", "train_batch4.jpg", "train_batch5.jpg", "train_batch6.jpg", "train_batch7.jpg", "train_batch8.jpg", "train_batch9.jpg"]}, "train/box_loss": 0.051355525851249695, "train/obj_loss": 0.016622204333543777, "train/cls_loss": 0.0, "metrics/precision": 0.8429751400532627, "metrics/recall": 0.7451983088009085, "metrics/mAP_0.5": 0.7812800463670515, "metrics/mAP_0.5:0.95": 0.23587393351463942, "val/box_loss": 0.08135789632797241, "val/obj_loss": 0.32825973629951477, "val/cls_loss": 0.0, "x/lr0": 0.0099202926282791, "x/lr1": 0.0099202926282791, "x/lr2": 0.0099202926282791, "_timestamp": 1721209488.4711854, "_runtime": 2442.8777685165405, "_step": 37}