{"Mosaics": {"_type": "images/separated", "width": 1280, "height": 1280, "format": "jpg", "count": 10, "filenames": ["media/images/Mosaics_0_640206ebad3250ee34ff.jpg", "media/images/Mosaics_0_8650f53f1348a7c9ab2b.jpg", "media/images/Mosaics_0_c385c508aa1e392b0aff.jpg", "media/images/Mosaics_0_8a5507c5d7c19e9ed9a3.jpg", "media/images/Mosaics_0_a8c68f24db435a7d48c0.jpg", "media/images/Mosaics_0_ba1cca1832eae754324d.jpg", "media/images/Mosaics_0_7b70f60afde4e3e990b8.jpg", "media/images/Mosaics_0_aa5960f3283394a1df01.jpg", "media/images/Mosaics_0_00d3cfba79db4cca54d7.jpg", "media/images/Mosaics_0_93c322992c6f533f8921.jpg"], "captions": ["train_batch0.jpg", "train_batch1.jpg", "train_batch2.jpg", "train_batch3.jpg", "train_batch4.jpg", "train_batch5.jpg", "train_batch6.jpg", "train_batch7.jpg", "train_batch8.jpg", "train_batch9.jpg"]}, "train/box_loss": 0.020178480073809624, "train/obj_loss": 0.010713320225477219, "train/cls_loss": 0.0, "metrics/precision": 0.9792022365561109, "metrics/recall": 0.9856081708449397, "metrics/mAP_0.5": 0.9873003342935333, "metrics/mAP_0.5:0.95": 0.6151412337457256, "val/box_loss": 0.037770070135593414, "val/obj_loss": 0.1906460076570511, "val/cls_loss": 0.0, "x/lr0": 0.0010009869243631953, "x/lr1": 0.0010009869243631953, "x/lr2": 0.0010009869243631953, "_timestamp": 1721178501.9193199, "_runtime": 18849.31527686119, "_step": 300, "Bounding Box Debugger/Images": {"_type": "images/separated", "width": 768, "height": 448, "format": "png", "count": 16, "filenames": ["media/images/Bounding Box Debugger/Images_299_85f530ea2196da266e81.png", "media/images/Bounding Box Debugger/Images_299_3581752cbd431a673691.png", "media/images/Bounding Box Debugger/Images_299_c828978f6f65f5b49a56.png", "media/images/Bounding Box Debugger/Images_299_4e5a8fc5e68861914fb0.png", "media/images/Bounding Box Debugger/Images_299_bf799802c674bf6fc7f8.png", "media/images/Bounding Box Debugger/Images_299_c6f5583641ddfe6d3953.png", "media/images/Bounding Box Debugger/Images_299_1c47f2a228bd14e94ade.png", "media/images/Bounding Box Debugger/Images_299_ff1bb1a42b91fec39e39.png", "media/images/Bounding Box Debugger/Images_299_b625f699310d19aae5fa.png", "media/images/Bounding Box Debugger/Images_299_662cd021cd32cbc8c093.png", "media/images/Bounding Box Debugger/Images_299_d33ba85aec0624254e66.png", "media/images/Bounding Box Debugger/Images_299_fd258b53ad0b8cf98574.png", "media/images/Bounding Box Debugger/Images_299_dab42e0094e3ed994e7b.png", "media/images/Bounding Box Debugger/Images_299_24a487d7d80d58dcfdc1.png", "media/images/Bounding Box Debugger/Images_299_7e88c734695d22f900df.png", "media/images/Bounding Box Debugger/Images_299_e394c39196a36b3a5f4f.png"], "captions": ["image_000001000000.jpg", "image_000001000210.jpg", "image_000001000209.jpg", "image_000001000208.jpg", "image_000001000207.jpg", "image_000001000206.jpg", "image_000001000205.jpg", "image_000001000204.jpg", "image_000001000203.jpg", "image_000001000202.jpg", "image_000001000201.jpg", "image_000001000200.jpg", "image_000001000199.jpg", "image_000001000198.jpg", "image_000001000197.jpg", "image_000001000196.jpg"], "all_boxes": [{"predictions": {"_type": "boxes2D", "sha256": "acd9bfee71c52aabb807e8a2c36afaa83711adefe1b438614f1e9ee6e73636e0", "size": 2519, "path": "media/metadata/boxes2D/Bounding Box Debugger/Images_299_acd9bfee71c52aabb807.boxes2D.json"}}, {"predictions": {"_type": "boxes2D", "sha256": "51f7582c4e712e6ac2ddf06cbb278323a789f6a5988167b15b864bb86284a2d0", "size": 1750, "path": "media/metadata/boxes2D/Bounding Box Debugger/Images_299_51f7582c4e712e6ac2dd.boxes2D.json"}}, {"predictions": {"_type": "boxes2D", "sha256": "b64fc58c1ed94ab930bac8e840cf292cb2b74fe988e03f73ef131db46233d918", "size": 2134, "path": "media/metadata/boxes2D/Bounding Box Debugger/Images_299_b64fc58c1ed94ab930ba.boxes2D.json"}}, {"predictions": {"_type": "boxes2D", "sha256": "0f2b78fbfc7770769e8056d0a35a0be201d015335dcaaf84f0e6d2f0c06d9bb2", "size": 2723, "path": "media/metadata/boxes2D/Bounding Box Debugger/Images_299_0f2b78fbfc7770769e80.boxes2D.json"}}, {"predictions": {"_type": "boxes2D", "sha256": "5150556da992116fb9bccc753c2d9be554e732037a2cd256e52e2501e63c0b0a", "size": 1353, "path": "media/metadata/boxes2D/Bounding Box Debugger/Images_299_5150556da992116fb9bc.boxes2D.json"}}, {"predictions": {"_type": "boxes2D", "sha256": "ac52c6519e561fce491ec0cf8c5c4edf0c805fb6c9554bd87d74cb07e8619522", "size": 2914, "path": "media/metadata/boxes2D/Bounding Box Debugger/Images_299_ac52c6519e561fce491e.boxes2D.json"}}, {"predictions": {"_type": "boxes2D", "sha256": "f5c8ac520cee00df326937f75bf04fb2c7b20958e172b5290523e49054adee3f", "size": 2320, "path": "media/metadata/boxes2D/Bounding Box Debugger/Images_299_f5c8ac520cee00df3269.boxes2D.json"}}, {"predictions": {"_type": "boxes2D", "sha256": "13ae1b998c39bc6d66725e4e3224c3fe27a3779d11cf57c0905913fe7e5134aa", "size": 2724, "path": "media/metadata/boxes2D/Bounding Box Debugger/Images_299_13ae1b998c39bc6d6672.boxes2D.json"}}, {"predictions": {"_type": "boxes2D", "sha256": "452f2bf4326c12b84fad9e3dafec83de59e65470d732daae521f5e43b08abd6c", "size": 2320, "path": "media/metadata/boxes2D/Bounding Box Debugger/Images_299_452f2bf4326c12b84fad.boxes2D.json"}}, {"predictions": {"_type": "boxes2D", "sha256": "67755158ba869f11c89334b2ca797a9329a866f700a691184deee5e22c1b92a2", "size": 1545, "path": "media/metadata/boxes2D/Bounding Box Debugger/Images_299_67755158ba869f11c893.boxes2D.json"}}, {"predictions": {"_type": "boxes2D", "sha256": "fd9a14195eb7a6f96aa6f73aa9f48f8436521ee456aad363233964317b71dafe", "size": 2321, "path": "media/metadata/boxes2D/Bounding Box Debugger/Images_299_fd9a14195eb7a6f96aa6.boxes2D.json"}}, {"predictions": {"_type": "boxes2D", "sha256": "a0d2de0c3c8d7590b33cae4b98f6da8aa715336c50079d4b4f6954edc432b380", "size": 2131, "path": "media/metadata/boxes2D/Bounding Box Debugger/Images_299_a0d2de0c3c8d7590b33c.boxes2D.json"}}, {"predictions": {"_type": "boxes2D", "sha256": "176bb733a349f2d75970937be77ed09d246a09e1b3516c183ea2ae58d418f8c4", "size": 1752, "path": "media/metadata/boxes2D/Bounding Box Debugger/Images_299_176bb733a349f2d75970.boxes2D.json"}}, {"predictions": {"_type": "boxes2D", "sha256": "b2e51a5eca9440fac4dcb1a1f4ad442025e671b41f0a3d357b8351b1d206c0b1", "size": 1739, "path": "media/metadata/boxes2D/Bounding Box Debugger/Images_299_b2e51a5eca9440fac4dc.boxes2D.json"}}, {"predictions": {"_type": "boxes2D", "sha256": "adfe8194207a5ff92dd77014cc997c65512d07d0d041c59581d9e6c983cf4f8a", "size": 3099, "path": "media/metadata/boxes2D/Bounding Box Debugger/Images_299_adfe8194207a5ff92dd7.boxes2D.json"}}, {"predictions": {"_type": "boxes2D", "sha256": "e09319093f8a2d73af5783308173de94d22a457fcb35ff248a5f9fcdf83dd6f3", "size": 1731, "path": "media/metadata/boxes2D/Bounding Box Debugger/Images_299_e09319093f8a2d73af57.boxes2D.json"}}]}, "Validation": {"_type": "images/separated", "width": 1280, "height": 748, "format": "jpg", "count": 6, "filenames": ["media/images/Validation_299_3794b186869368d9762f.jpg", "media/images/Validation_299_68af8ffe129b7cb60438.jpg", "media/images/Validation_299_cb14af111389257bf44a.jpg", "media/images/Validation_299_c48a8e3f715820558413.jpg", "media/images/Validation_299_05ef2be2e526db68e162.jpg", "media/images/Validation_299_24eb1c0a6b11a3777d1f.jpg"], "captions": ["test_batch0_labels.jpg", "test_batch0_pred.jpg", "test_batch1_labels.jpg", "test_batch1_pred.jpg", "test_batch2_labels.jpg", "test_batch2_pred.jpg"]}, "Results": {"_type": "images/separated", "width": 2400, "height": 1200, "format": "png", "count": 6, "filenames": ["media/images/Results_300_4acdd545cdbaf615d5b6.png", "media/images/Results_300_4908e72edc14d63f51d3.png", "media/images/Results_300_eea82dce1f8de10e1c6c.png", "media/images/Results_300_fc8dff1a42b696e8a5e3.png", "media/images/Results_300_7d0bfc43cd4d084dd48c.png", "media/images/Results_300_515b1647d76eaf2c14ae.png"],